Abásolo María Eugenia	1141492055	21
Acosta Leonardo Miguel	1132529747	44
Acuña Mariana	1166699942	35
Agüero Valdez Gustavo Ariel	1151193934	27
Ale Zoe Victoria	1154560496	26
Almeida Maria Fernanda	1167684600	51
Alvarez Johana Florencia	1169625716	44
Alvarez Juan Carlos	1169762394	69
Amarilla Yanina Soledad	1140687219	34
Amoedo Pablo Alejandro	1161823739	42
Annoni Marisela Martina	1141933188	24
Antonelli Agustina Kiara	1131622565	24
Aquije Matta Abud Veronica Lorena	1164029526	52
Archanco Jimena	1156940681	42
Arroyo Juan Cruz	1136974008	26
Ayala Emilce Beatriz	1162680102	53
Ayala Simon	1138337605	14
Ayvar Cardenas Oscar Jonathan	1154075169	33
Barcena Martin	1132447490	36
Barrera Andrea Rosana Roberta	1158269478	48
Barrera Irene Marcela Aurora	1136113110	49
Barrera Lombardi Marian	1123609785	31
Bazan Lidia Lujan	1132760188	52
Bedia Óscar Miguel	1162320024	55
Beecher Raiker Ezequiel Matías	1168856805	21
Benedetti Anabel	1127555491	44
Benitez Lopez Mirna Concepción	1130953844	54
Benitez Yamila Ailen	1169572686	33
Bergadillo Yesica Lorena	1160235130	42
Berger Camila	1137922051	20
Bordoy Nadia	1141772026	45
Borrajo Jesus Javier	1130847778	48
Brambilla Erika	1167997590	37
Brambilla Uriel	1135132211	18
Bravo Andrea	1170157555	54
Bravo Patricia Lorena	1153429625	47
Breigo Fernanda	1158415733	44
Burgos Andrea Roxana	1134891099	39
Bustos Thiago Ian	1127638374	19
Cabello Guido	1136427105	23
Caiati Tomas	1155162394	27
Camacho Cano Celia Laura	1121728823	40
Canepa Edgardo Leonel	1122638591	43
Canteros Florencia	1122477665	30
Capaccio Manuel	1157525639	26
Caratino Natalia	1167245690	23
Carballo Martinez María Cristina	1132318809	45
Carbonaro Esteban Guillermo	1161794553	42
Carbonaro Sofia	1136118973	34
Cardenas Huaman Felicitas Elvira	1133685305	53
Caro Gabriela	1164573434	47
Carrizo Tomas	1130965098	23
Castaño Adrian	1169669387	59
Castellano Javier	1163004642	42
Castillo Micaela	1165204435	28
Castillo Sol Carolina	1125203223	39
Cocaro Maresco Juan Martín	1162801988	37
Coronel Camila	1162949860	23
Coronel Irala Jorgelina Mailen	1161816326	36
Cottet Maria Fabiana	1164138012	54
Cozzi Miranda Sofía	1170183016	17
Cristoff Toledo Rocio	1161017516	26
Crocco Cristian Antonio	1158497467	41
Czenis Julieta Belén	1126459697	27
Daffara Maite	1145507309	17
D'Alessandro Daiana	1161721465	34
Damato Maria Florencia	1176330901	37
Damato Verónica Vanesa	1153238819	46
D'Angelo Juan Bautista	1158096914	21
De Marco Martina Iara	1161509325	23
De Souza Micaela	1164721994	32
Di Bona Marcelo	1140512767	68
Di Santo Agostina	1170614240	20
Di Tullio Samanta Estefania	1130711544	37
Diaz Maximiliano	1138845263	52
Diaz Pablo Hernan	1137703740	49
Diaz Paula Andrea	1135112559	37
Diaz Stella Maris	1161089324	59
Dipinto Adrian Gustavo	1167905066	50
Dos Anjos Do Vale Cintia Silvana	1140247008	52
Duarte Romina Gisela	1164880749	38
Dudiuk Tamara Daniela	1140713425	36
Dudiuk Valeria Nahir	1153387696	36
Dumañski Carolina Marcela	1135595088	53
Dumañski Sandra Mabel	1164151405	61
Egdechman Constanza	1158094143	34
Encinas Debra	1133995159	32
Federico Nicolás Gonzalez	1132078538	21
Feito Victor Martin	1123865401	34
Fernandez Aquije Diego Matias	1165074528	30
Fernández Daniel Alberto	1169905278	48
Fernandez Diana Elizabeth	1139314887	31
Fernández Héctor	1163526780	61
Fernandez Mauricio	1153116009	33
Fernandez Natalia Soledad	1159286035	38
Fernandez Nuria	1133840164	21
Fernández Viera Edgardo	3754436089	25
Ferreiro Daiana	1131713079	36
Flores Rosana Lorena Carla	1159201916	47
Fonte Monica	1144758570	68
Franetovich Ezequiel	1130136430	27
Gálvez Karina Alejandra	1267296313	52
Garau Lorena Gabriela	1161922915	52
Garay Soledad Vanesa	1155033073	43
Garcia Alan	1136812973	32
Garcia Jonatan Facundo	1134031412	37
García María De La Cruz	1162983990	42
García Pedro	1134105268	34
Garcias Martin	1158084683	23
Gayoso Diana Maria	1156947745	35
Gil Yesica	1138337605	43
Golfier Maria Fernanda	1163509142	56
Golpenson Stephanie	1140319932	30
Gonzalez Maria Concepcion	1128538866	57
Gorno Claudia Judith	1151193934	30
Gorno Gustavo	1154081700	33
Graces Patricio	1133932525	29
Heidenreich Gastón	1156413175	23
Herrera Boisbehere Gabriel Ezequiel	1123690613	35
Hofkamp Nataly Sol	1140735135	23
Iannone Daniela	1135977184	33
